id,name,degree,peel,diversity,betweenness,pagerank
0,Addam Marbrand,12,10,1.198849313,0.000469682,0.000813212
1,Aegon Frey (son of Stevron),4,4,1.039720771,0,0.000410273
2,Aegon I Targaryen,9,5,1.464816385,0.006891002,0.001100074
3,Aegon Targaryen (son of Rhaegar),15,7,1.801892401,0.006012167,0.002093592
4,Aegon V Targaryen,1,1,0,0,0.000255747
5,Aemon Targaryen (Dragonknight),1,1,0,0,0.000220526
6,Aemon Targaryen (Maester Aemon),26,8,1.751052605,0.019000091,0.005212806
7,Aenys Frey,4,3,1.386294361,0.000811867,0.000587833
8,Aeron Greyjoy,15,5,1.748970751,0.012935047,0.004498805
9,Aerys I Targaryen,1,1,0,0,0.000215297
10,Aerys II Targaryen,19,10,1.70407034,0.014068789,0.002867744
11,Aggar,4,2,1.039720771,0.007996771,0.001118448
12,Aggo,10,8,0.940447989,0.000100433,0.001520208
13,Alayaya,4,3,1.039720771,0.002515723,0.000547053
14,Albett,3,3,0.636514168,0,0.000332455
15,Alebelly,4,3,1.386294361,7.13E-06,0.000451938
16,Alerie Hightower,2,2,0,0,0.000245362
17,Alester Florent,7,6,1.351783994,0.000362833,0.000742177
18,Alla Tyrell,5,4,1.33217904,1.18E-05,0.000754206
19,Allar Deem,2,2,0.693147181,0,0.000257008
20,Allard Seaworth,3,2,1.098612289,1.67E-05,0.000495025
21,Alleras,8,4,0.900256051,0.014199147,0.001749233
22,Alliser Thorne,15,8,1.487816716,0.002217858,0.001928278
23,Alyn,5,5,1.33217904,2.30E-05,0.000538663
24,Alys Arryn,2,1,0.693147181,0.002515723,0.000649616
25,Alys Karstark,3,3,1.098612289,0,0.00050154
26,Alysane Mormont,3,3,1.098612289,0,0.000720381
27,Amabel,2,2,0.693147181,0,0.000431671
28,Amerei Frey,3,3,1.098612289,2.30E-06,0.000412983
29,Amory Lorch,20,12,1.344257669,0.001181454,0.00122693
30,Anders Yronwood,2,2,0.693147181,1.66E-05,0.000280168
31,Andrew Estermont,3,2,1.098612289,0.002515723,0.000589546
32,Andrey Dalt,5,5,0.950270539,4.10E-05,0.000832746
33,Anguy,9,6,1.735126457,0.001262506,0.001294206
34,Anya Waynwood,7,4,0.79631164,0.000583944,0.001147792
35,Archibald Yronwood,4,4,0.562335145,2.38E-06,0.000918824
36,Ardrian Celtigar,1,1,0,0,0.000432511
37,Areo Hotah,9,6,1.522955068,0.000130391,0.001863187
38,Arianne Martell,20,6,2.029682547,0.017878371,0.003815659
39,Armen,6,4,0.450561209,1.69E-05,0.001056421
40,Arnolf Karstark,5,4,1.609437912,0.002619954,0.000704456
41,Aron Santagar,1,1,0,0,0.000214682
42,Arron,3,3,1.098612289,0,0.000520314
43,Arson,1,1,0,0,0.00022145
44,Arstan,8,6,1.213007566,0.000123935,0.001309324
45,Arthor Karstark,1,1,0,0,0.000278294
46,Arthur Dayne,5,3,1.609437912,0.005297159,0.001060521
47,Arwyn Oakheart,1,1,0,0,0.000235214
48,Arya Stark,84,13,2.332991632,0.087242361,0.018538945
49,Arys Oakheart,9,6,1.522955068,0.001771183,0.001188945
50,Asha Greyjoy,25,5,1.809598882,0.033024754,0.005649906
51,Ashara Dayne,1,1,0,0,0.00023108
52,Aurane Waters,9,8,1.522955068,7.82E-05,0.000577919
53,Axell Florent,10,6,1.83437197,0.001703351,0.001524473
54,Azor Ahai,1,1,0,0,0.000255405
55,Bael the Bard,1,1,0,0,0.000250263
56,Baelor Blacktyde,4,4,0.562335145,0,0.000542884
57,Baelor I Targaryen,3,3,0,0,0.000316271
58,Ballabar,3,2,1.098612289,0.002515723,0.000617424
59,Balman Byrch,3,3,1.098612289,0,0.000466159
60,Balon Greyjoy,13,7,1.118968867,0.009545732,0.002957548
61,Balon Swann,16,11,1.541976433,0.003599005,0.001195924
62,Bannen,2,2,0.693147181,0,0.00037383
63,Barbrey Dustin,6,5,1.329661349,0.000182731,0.000787446
64,Barristan Selmy,41,12,2.153082,0.045549578,0.006072068
65,Barsena,1,1,0,0,0.000235622
66,Bartimus,1,1,0,0,0.000243793
67,Bedwyck,5,5,0.500402424,0,0.000397118
68,Belaquo,4,4,0.693147181,1.28E-05,0.000603305
69,Bellegere Otherys,1,1,0,0,0.000220809
70,Belwas,13,8,1.410513557,0.000281012,0.002070866
71,Ben Bones,2,2,0.693147181,0,0.000325274
72,Ben Plumm,9,6,1.676987774,0.001076548,0.001036099
73,Benedar Belmore,5,4,0.500402424,0.000440168,0.000641825
74,Benerro,4,4,1.386294361,3.71E-05,0.000431198
75,Benethon Scales,2,2,0.693147181,0,0.000312033
76,Benfred Tallhart,4,3,1.039720771,0.000366933,0.000599811
77,Benjen Stark,14,9,1.593424237,0.005675488,0.001597077
78,Beric Dondarrion,18,10,1.351039416,0.002139778,0.002079181
79,Beth Cassel,3,3,0,0,0.000317037
80,Big Boil,2,2,0.693147181,0,0.000258542
81,Biter,5,5,1.054920168,9.44E-05,0.000782857
82,Black Balaq,1,1,0,0,0.000331797
83,Blane,1,1,0,0,0.000220771
84,Bloodbeard,4,4,1.386294361,0.000112216,0.00039272
85,Blue Bard,5,4,1.609437912,0.000908267,0.000534842
86,Bonifer Hasty,1,1,0,0,0.000231221
87,Boros Blount,14,11,1.536722469,0.000227913,0.001547904
88,Bowen Marsh,18,8,1.428055769,0.001065829,0.002438314
89,Bran Stark,54,12,2.160724355,0.044911179,0.016699569
90,Brandon Norrey,2,1,0.693147181,0.002515723,0.000597971
91,Brandon Stark,8,6,1.213007566,0.000462025,0.000811601
92,Brea,3,2,0.636514168,1.58E-06,0.00054718
93,Brella,2,2,0.693147181,0,0.0003005
94,Brenett,1,1,0,0,0.000219962
95,Brienne of Tarth,45,13,2.208504507,0.032251919,0.007360664
96,Bronn,25,10,2.033458636,0.00290005,0.003617359
97,Brus Buckler,3,3,0.636514168,0,0.000496241
98,Brusco,2,2,0.693147181,0,0.000482345
99,Bryce Caron,5,3,1.33217904,0.005174682,0.000780848
100,Brynden Rivers,2,2,0.693147181,0,0.000345825
101,Brynden Tully,19,10,1.986266518,0.002227036,0.002297805
102,Bump,1,1,0,0,0.00034388
103,Butterbumps,2,2,0.693147181,0,0.000288816
104,Byam Flint,1,1,0,0,0.000224228
105,Caggo,5,4,0.950270539,0.002515723,0.00083633
106,Caleotte,4,4,1.386294361,7.30E-05,0.000534515
107,Camarron,1,1,0,0,0.000278713
108,Captain Myraham,1,1,0,0,0.000248835
109,Captain Myraham Daughter,1,1,0,0,0.000233737
110,Catelyn Stark,75,13,2.317345932,0.054973668,0.015210744
111,Cayn,3,3,0.636514168,7.38E-06,0.00036926
112,Cedra,2,2,0.693147181,0,0.000415537
113,Cedric Payne,1,1,0,0,0.000224332
114,Cellador,4,4,1.039720771,1.58E-06,0.000443189
115,Cersei Lannister,97,13,2.401216936,0.088704267,0.023607039
116,Chataya,1,1,0,0,0.000285567
117,Chayle,2,2,0.693147181,0,0.000296296
118,Chella,3,3,0.636514168,0,0.000341398
119,Chett,7,5,1.277034259,9.59E-05,0.000911682
120,Chiggen,3,3,1.098612289,0,0.000362125
121,Chiswyck,13,12,0.898137003,4.28E-05,0.000715803
122,Clarence Crabb,1,1,0,0,0.000236456
123,Clayton Suggs,3,3,0.636514168,0,0.000431088
124,Clement Piper,2,2,0.693147181,0,0.000329309
125,Cleon,3,2,1.098612289,1.91E-05,0.000513622
126,Cleos Frey,7,7,0,1.95E-05,0.001092543
127,Cletus Yronwood,5,4,1.33217904,0.000787012,0.000626553
128,Cley Cerwyn,3,3,0.636514168,0,0.000339014
129,Clubfoot Karl,2,2,0,0,0.000292428
130,Clydas,7,6,1.475076311,0.00022216,0.001215514
131,Cohollo,4,4,1.039720771,0,0.000563735
132,Coldhands,4,4,0.562335145,1.59E-05,0.000373553
133,Colemon,6,4,1.011404265,0.000114647,0.000654006
134,Colen of Greenpools,2,2,0,0,0.000281137
135,Conn,3,2,1.098612289,0.002515723,0.000695691
136,Coratt,1,1,0,0,0.000336228
137,Corliss Penny,1,1,0,0,0.000221924
138,Cortnay Penrose,7,6,1.153741943,0.00066034,0.000699725
139,Cotter Pyke,10,8,0.940447989,0.000259524,0.000973969
140,Craster,15,8,1.522699926,0.003894223,0.002708792
141,Creighton Longbough,3,2,0.636514168,2.56E-05,0.00081125
142,Cressen,9,7,1.464816385,0.000352511,0.001279163
143,Cromm,2,2,0,0,0.000526047
144,Cutjack,3,1,0.636514168,0.005028278,0.001103553
145,Daario Naharis,19,8,1.48322096,0.005468229,0.002784419
146,Dacey Mormont,3,3,0.636514168,0,0.000323102
147,Daemon Sand,2,2,0.693147181,0,0.000256672
148,Daenerys Targaryen,73,9,2.181770082,0.118418019,0.022306882
149,Daeron I Targaryen,1,1,0,0,0.000234727
150,Daeron II Targaryen,2,2,0.693147181,0.001246763,0.000257479
151,Dagmer,5,5,1.054920168,0.000143971,0.000608929
152,Dalbridge,3,3,1.098612289,0,0.000366312
153,Dalla,6,6,1.242453325,3.51E-05,0.000753343
154,Damon Dance for Me,5,4,1.33217904,9.35E-06,0.000774889
155,Dancy,1,1,0,0,0.000275602
156,Danwell Frey,3,2,0.636514168,0.001046981,0.000511944
157,Dareon,6,5,1.242453325,0.003075872,0.000930619
158,Daryn Hornwood,2,2,0.693147181,0,0.000310475
159,Daven Lannister,3,3,1.098612289,0,0.00039655
160,Davos Seaworth,33,7,2.120173779,0.023846811,0.007860805
161,Denyo Terys,2,2,0.693147181,0,0.000380068
162,Denys Darklyn,1,1,0,0,0.000241434
163,Denys Mallister,9,8,0.683738906,1.26E-05,0.000858632
164,Denzo Dhan,1,1,0,0,0.000258358
165,Desmond,2,2,0,0,0.000259839
166,Desmond Grell,4,3,1.039720771,3.20E-06,0.000619345
167,Devan Seaworth,6,5,1.560710409,0.000328126,0.000829714
168,Dick Crabb,5,4,0.950270539,0.002557403,0.00081538
169,Dick Follard,2,2,0.693147181,0,0.000294019
170,Dick Straw,2,1,0.693147181,0.002515723,0.000645862
171,Dirk,2,2,0,0,0.000303233
172,Dobber,1,1,0,0,0.000231597
173,Dolf,1,1,0,0,0.000369739
174,Donal Noye,8,6,1.386294361,0.000240414,0.001235143
175,Donella Hornwood,7,4,1.549826046,0.000224091,0.000635385
176,Donnel Waynwood,1,1,0,0,0.000219962
177,Dontos Hollard,9,7,0.848685558,0.000468306,0.001197805
178,Doran Martell,21,9,2.045576462,0.014536796,0.002944615
179,Dorcas,6,5,1.791759469,5.21E-06,0.00061026
180,Doreah,6,6,0.450561209,2.07E-06,0.000790894
181,Draqaz,1,1,0,0,0.000355612
182,Drennan,2,2,0.693147181,0,0.000379843
183,Drogo,21,8,1.706770659,0.012390513,0.004373204
184,Dryn,1,1,0,0,0.000226914
185,Dunsen,13,12,0.898137003,4.28E-05,0.001547673
186,Dunstan Drumm,3,3,0.636514168,7.34E-06,0.000466786
187,Dywen,8,6,1.073542846,0.000552933,0.000861158
188,Ebben,4,3,1.039720771,1.06E-06,0.000558816
189,Eddard Stark,74,13,2.290519575,0.078732393,0.01893822
190,Eddison Tollett,20,8,1.33999644,0.003126949,0.002152904
191,Edmure Tully,24,10,2.0252303,0.003460566,0.003702267
192,Edric Storm,6,5,1.329661349,0.001610784,0.000897121
193,Edwyn Frey,4,4,1.386294361,1.04E-06,0.000544132
194,Elbert Arryn,1,1,0,0,0.000228186
195,Elder Brother,3,3,0.636514168,0,0.000392228
196,Eldon Estermont,2,1,0.693147181,0.002515723,0.000695329
197,Elia Martell,9,7,1.303092404,0.002700036,0.00093676
198,Elinor Tyrell,5,4,0.950270539,3.16E-05,0.000807866
199,Ellaria Sand,6,6,1.329661349,0.000988794,0.000464905
200,Elmar Frey,9,9,0.848685558,0.000105404,0.000677919
201,Elys Waynwood,1,1,0,0,0.000504899
202,Emmett,5,4,1.609437912,2.22E-05,0.000643053
203,Emmon Cuy,3,3,0.636514168,1.69E-05,0.000386363
204,Emmon Frey,8,5,1.559581156,0.000464205,0.000830611
205,Emmond,1,1,0,0,0.000290008
206,Emrick,3,3,1.098612289,0,0.000475367
207,Eon Hunter,3,3,1.098612289,0,0.00029378
208,Eroeh,1,1,0,0,0.000282801
209,Errok,3,3,1.098612289,1.06E-06,0.000457692
210,Euron Greyjoy,13,5,1.804371619,0.008004883,0.004461793
211,Eustace Brune,1,1,0,0,0.000241736
212,Ezzara,1,1,0,0,0.000223827
213,Falyse Stokeworth,4,3,1.039720771,5.51E-06,0.000584925
214,Farlen,1,1,0,0,0.000279032
215,Florian the Fool,2,1,0.693147181,0.002515723,0.000795762
216,Fogo,1,1,0,0,0.000328426
217,Forley Prester,2,2,0.693147181,0,0.000268983
218,Franklyn Flowers,3,2,0.636514168,0.002515723,0.000562059
219,Franklyn Fowler,1,1,0,0,0.00023997
220,Frenken,1,1,0,0,0.000279681
221,Frenya,2,2,0.693147181,0,0.000381121
222,Fulk,2,2,0.693147181,0,0.000312726
223,Galazza Galare,6,5,1.560710409,7.68E-05,0.00095014
224,Galbart Glover,8,6,1.320888343,0.000946307,0.000672682
225,Galyeon of Cuy,1,1,0,0,0.00021758
226,Gared,3,2,0.636514168,0.001020953,0.000930895
227,Garin (orphan),9,5,1.427061043,0.000798417,0.001327989
228,Gariss,2,1,0.693147181,0.002515723,0.001045996
229,Garlan Tyrell,7,6,0.79631164,0.002519168,0.000765968
230,Garrett Paege,1,1,0,0,0.000220526
231,Garth (Wolfs Den),2,2,0.693147181,0,0.000324762
232,Garth Greyfeather,3,3,0.636514168,0,0.000462355
233,Garth Tyrell,1,1,0,0,0.000215389
234,Gawen Westerling,2,2,0,2.64E-06,0.000312257
235,Gelmarr,1,1,0,0,0.000408841
236,Gendel,2,2,0.693147181,0,0.000385128
237,Gendry,20,8,2.029682547,0.012466572,0.003370625
238,Genna Lannister,3,3,0.636514168,0,0.000371735
239,Gerald Gower,1,1,0,0,0.000325153
240,Gerold Dayne,5,5,1.054920168,9.13E-06,0.000672915
241,Gerold Grafton,1,1,0,0,0.00036738
242,Gerold Hightower,8,5,1.494175138,0.008395747,0.001095867
243,Gerrick Kingsblood,2,1,0.693147181,0.002515723,0.00055369
244,Gerris Drinkwater,9,4,1.303092404,0.00265698,0.001808226
245,Ghael,2,2,0.693147181,0,0.000386775
246,Gilly,14,8,1.351783994,0.00112531,0.002697651
247,Gilwood Hunter,5,4,0.500402424,0.000275404,0.000692599
248,Godric Borrell,1,1,0,0,0.000312981
249,Godry Farring,7,5,1.549826046,0.001010475,0.000636765
250,Goghor the Giant,4,4,0.562335145,1.06E-06,0.000718528
251,Gormon Tyrell,1,1,0,0,0.000377591
252,Gormond Goodbrother,1,1,0,0,0.00034079
253,Gorne,2,2,0.693147181,0,0.000385128
254,Gorold Goodbrother,2,2,0,0,0.00052173
255,Grazdan mo Eraz,1,1,0,0,0.000257173
256,Grazhar,3,3,1.098612289,3.76E-05,0.000439397
257,Greenbeard,7,6,1.277034259,5.72E-06,0.00072922
258,Gregor Clegane,33,13,1.662755842,0.005485884,0.004225564
259,Grenn,15,8,1.337860678,0.000474681,0.003203872
260,Gretchel,4,4,1.039720771,1.20E-05,0.000552535
261,Grey Worm,8,8,0.73562194,3.26E-05,0.00087105
262,Greydon Goodbrother,1,1,0,0,0.000290008
263,Grigg,3,3,1.098612289,1.06E-06,0.000476586
264,Grimtongue,4,3,1.039720771,0.001271235,0.000876535
265,Grisel,1,1,0,0,0.00021762
266,Groleo,6,5,1.242453325,3.57E-05,0.000603235
267,Grunt,3,3,0.636514168,0,0.000481448
268,Guncer Sunglass,2,2,0.693147181,0,0.000274918
269,Gunthor son of Gurn,1,1,0,0,0.000256429
270,Guyard Morrigen,2,2,0.693147181,0,0.000415617
271,Gyles Grafton,2,2,0.693147181,0,0.000529945
272,Gyles Rosby,18,10,1.923068868,0.000415441,0.001277748
273,Gynir,2,2,0.693147181,8.06E-05,0.000512858
274,Hagen,6,3,0.867563228,0.001299751,0.000997847
275,Haggo,6,5,1.329661349,3.12E-06,0.000777584
276,Haggon,1,1,0,0,0.000437142
277,Hairy Hal,3,3,0.636514168,0,0.000451397
278,Hake,1,1,0,0,0.000232452
279,Halder,8,5,1.386294361,4.41E-05,0.000931331
280,Haldon,11,6,1.641734712,0.000285338,0.001811175
281,Hali,1,1,0,0,0.000216665
282,Hallis Mollen,6,5,1.329661349,0.000118024,0.000736982
283,Hallyne,2,2,0,0,0.000262194
284,Halys Hornwood,1,1,0,0,0.000222694
285,Hareth (Moles Town),11,5,1.641734712,0.002203437,0.001266545
286,Harl,1,1,0,0,0.000308393
287,Harma,8,6,1.386294361,3.91E-05,0.000718848
288,Harra,2,2,0.693147181,0,0.000367546
289,Harras Harlaw,1,1,0,0,0.000267817
290,Harren Hoare,3,3,1.098612289,7.67E-05,0.000409919
291,Harrold Hardyng,3,3,0.636514168,8.45E-06,0.000432205
292,Harry Strickland,3,2,0.636514168,5.34E-06,0.000640291
293,Harwin,11,7,1.798652206,0.000358115,0.001040526
294,Harwood Stout,1,1,0,0,0.000263933
295,Harys Swyft,9,8,1.214889654,8.29E-05,0.000625421
296,Hayhead,2,2,0.693147181,0,0.000305517
297,Helman Tallhart,4,3,1.386294361,0.000136037,0.000439299
298,Hero,4,4,1.039720771,0,0.000484281
299,Heward,2,2,0.693147181,0,0.000316455
300,High Septon (fat one),3,3,0,0,0.000299908
301,High Septon (Tyrions),4,4,0,0,0.000410379
302,High Sparrow,8,6,1.906154747,3.77E-05,0.000984155
303,Hizdahr zo Loraq,22,8,1.857200791,0.005928327,0.004349047
304,Hobb,11,8,1.120950393,8.70E-05,0.000773659
305,Hobber Redwyne,1,1,0,0,0.00064311
306,Hodor,11,8,1.641734712,0.000213484,0.003778806
307,Holly,4,3,1.386294361,8.74E-06,0.000664264
308,Hop Robin,3,3,1.098612289,0,0.000386465
309,Horas Redwyne,2,1,0.693147181,0.002515723,0.000759925
310,Horton Redfort,4,4,0,1.85E-06,0.000687368
311,Hosteen Frey,4,2,1.039720771,0.000968636,0.000748541
312,Hoster Blackwood,1,1,0,0,0.000231221
313,Hoster Tully,10,7,1.609437912,0.000347545,0.001219369
314,Hot Pie,11,6,2.019814992,0.003040202,0.002656905
315,Hother Umber,4,4,1.039720771,4.30E-05,0.000463209
316,Hotho Harlaw,4,3,1.039720771,0.000591416,0.000735799
317,Howland Reed,2,2,0.693147181,0,0.000245938
318,Hugh,1,1,0,0,0.000220576
319,Hugh Hungerford,1,1,0,0,0.000424186
320,Hugo Vance,1,1,0,0,0.000220526
321,Hullen,6,6,1.242453325,4.65E-05,0.000404489
322,Humfrey Hewett,2,2,0,0,0.000366511
323,Husband,2,2,0.693147181,0,0.000279971
324,Hyle Hunt,7,6,1.153741943,0.000285899,0.000925346
325,Illifer,2,2,0.693147181,0,0.000667861
326,Illyrio Mopatis,12,8,1.424129917,0.001202512,0.001720713
327,Ilyn Payne,22,12,1.116485597,0.0008953,0.002676977
328,Imry Florent,1,1,0,0,0.000229955
329,Irri,15,8,0.720124881,0.000992876,0.002759077
330,Jacelyn Bywater,9,9,1.427061043,1.52E-05,0.000706275
331,Jack Be Lucky,1,1,0,0,0.000251953
332,Jack Bulwer,5,3,1.33217904,0.000153222,0.000566664
333,Jacks,1,1,0,0,0.000227473
334,Jaehaerys I Targaryen,1,1,0,0,0.000255911
335,Jafer Flowers,1,1,0,0,0.000249044
336,Jaime Lannister,101,13,2.398059966,0.100838006,0.01975355
337,Jalabhar Xho,5,4,1.33217904,0.00080684,0.000481371
338,Janos Slynt,23,11,1.274586732,0.007182702,0.002285066
339,Jaqen Hghar,6,5,1.329661349,2.81E-05,0.000982349
340,Jared Frey,3,2,0,6.07E-06,0.00062169
341,Jaremy Rykker,5,4,1.609437912,0.002518575,0.000713031
342,Jarl,8,6,1.073542846,2.07E-05,0.001029757
343,Jarman Buckwell,3,3,1.098612289,0,0.000380445
344,Jason Mallister,3,3,1.098612289,6.51E-05,0.000365624
345,Jeor Mormont,28,8,1.925892175,0.017268244,0.006136861
346,Jeyne Farman,1,1,0,0,0.00033889
347,Jeyne Heddle,1,1,0,0,0.000236456
348,Jeyne Poole,13,9,1.778233306,0.001726905,0.001625258
349,Jeyne Westerling,5,4,1.33217904,0.001015193,0.000823548
350,Jhiqui,12,8,0.721463687,7.18E-05,0.002276592
351,Jhogo,12,8,1.234267866,0.000165397,0.001771561
352,Joanna Lannister,1,1,0,0,0.000226091
353,Jocelyn Swyft,5,5,1.609437912,1.83E-06,0.000505047
354,Joffrey Baratheon,69,13,2.108929177,0.031758722,0.017420084
355,Jojen Reed,10,8,1.088899975,0.000271599,0.00263205
356,Jommo,2,2,0.693147181,0,0.000329759
357,Jon Arryn,17,12,1.203332041,0.008811733,0.002508965
358,Jon Connington,16,7,1.78680834,0.012689827,0.002603882
359,Jon Fossoway,1,1,0,0,0.000245536
360,Jon Snow,114,12,2.277964323,0.19211962,0.035693765
361,Jon Umber (Greatjon),14,8,1.932806573,0.001360964,0.001593452
362,Jon Umber (Smalljon),2,2,0.693147181,0,0.000293296
363,Jonos Bracken,2,2,0.693147181,0,0.00034895
364,Jonothor Darry,2,2,0,0,0.000554972
365,Jonquil,1,1,0,0,0.000683271
366,Jorah Mormont,26,8,1.655707776,0.010826778,0.004940556
367,Joramun,2,2,0,0,0.000300797
368,Jory Cassel,21,12,1.68185408,0.0048781,0.002033503
369,Joseth,2,2,0.693147181,0,0.000254404
370,Josmyn Peckledon,2,2,0.693147181,0,0.00047755
371,Joss,1,1,0,0,0.00023723
372,Joy Hill,1,1,0,0,0.000220526
373,Justin Massey,5,3,1.33217904,4.80E-05,0.000994606
374,Jyck,2,2,0.693147181,0,0.00041563
375,Karyl Vance,4,3,1.386294361,2.09E-05,0.000480061
376,Kasporio,3,3,1.098612289,0,0.000327866
377,Kedry,2,2,0.693147181,0,0.000303343
378,Kegs,7,5,1.351783994,9.87E-06,0.000584785
379,Kella,1,1,0,0,0.000215275
380,Kerwin,1,1,0,0,0.00050594
381,Kevan Lannister,17,11,1.506883349,0.001893308,0.002255223
382,Khorane Sathmantes,3,3,1.098612289,0,0.000331911
383,Khrazz,5,4,1.33217904,0.000747583,0.000713687
384,Kindly Man,2,2,0.693147181,0,0.00057841
385,Kojja Mo,2,2,0,0,0.000349181
386,Koss,2,2,0.693147181,0,0.000279078
387,Kraznys mo Nakloz,2,2,0.693147181,0,0.000414261
388,Kurleket,1,1,0,0,0.000237004
389,Kurz,1,1,0,0,0.000570494
390,Kyra,1,1,0,0,0.000248835
391,Lambert Turnberry,3,3,0,1.06E-06,0.000397737
392,Lamprey,4,3,1.039720771,1.06E-06,0.000484811
393,Lancel Lannister,12,9,1.234267866,0.000520242,0.001715529
394,Lanna (Happy Port),1,1,0,0,0.000248134
395,Lark,6,5,1.329661349,0.002588977,0.000761442
396,Larraq,1,1,0,0,0.00022139
397,Leaf,2,2,0.693147181,0,0.000286834
398,Leathers,5,3,1.33217904,2.27E-05,0.000717899
399,Lem,15,7,1.859428815,0.005932663,0.002317313
400,Lemore,7,6,0.955699891,2.04E-06,0.000825797
401,Leo Lefford,1,1,0,0,0.000227292
402,Leo Tyrell,5,4,0.500402424,0.005207007,0.001036994
403,Leobald Tallhart,3,3,1.098612289,2.05E-05,0.000399025
404,Leona Woolfield,2,2,0.693147181,0,0.00029457
405,Leonette Fossoway,1,1,0,0,0.000232809
406,Lewyn Martell,4,2,1.039720771,0.001318426,0.000813275
407,Lewys Piper,1,1,0,0,0.000220526
408,Lollys Stokeworth,7,6,1.549826046,1.17E-05,0.000771718
409,Lommy Greenhands,6,5,1.560710409,1.11E-05,0.001369274
410,Longwater Pyke,1,1,0,0,0.000267817
411,Loras Tyrell,28,13,1.558057246,0.001442737,0.003420664
412,Lorent Caswell,1,1,0,0,0.000218098
413,Lorren,8,3,1.255482325,0.003753628,0.00145556
414,Lothar Frey,11,7,1.893788232,0.000277633,0.000873458
415,Lothor Brune,5,4,1.33217904,4.54E-05,0.000544936
416,Lucas Codd,2,1,0.693147181,0.002515723,0.000791631
417,Lucifer Long,1,1,0,0,0.00027739
418,Luton,1,1,0,0,0.000279018
419,Luwin,22,10,1.957615479,0.003151405,0.004179481
420,Lyanna Mormont,1,1,0,0,0.000221924
421,Lyanna Stark,5,5,0.950270539,1.15E-05,0.000583469
422,Lyle Crakehall,5,4,1.33217904,9.04E-06,0.000497301
423,Lyn Corbray,4,3,1.386294361,2.10E-05,0.000497425
424,Lynesse Hightower,1,1,0,0,0.000223827
425,Lyonel Corbray,2,2,0.693147181,0,0.000317103
426,Lysa Arryn,24,12,1.710642901,0.006064574,0.003950672
427,Lysono Maar,1,1,0,0,0.000223827
428,Mace Tyrell,23,12,1.893275591,0.005881332,0.002386206
429,Mad Huntsman,1,1,0,0,0.000231597
430,Maddy,5,4,0.950270539,3.67E-05,0.000684088
431,Maege Mormont,5,4,1.054920168,4.01E-06,0.000540965
432,Maegor I Targaryen,6,5,1.242453325,0.00253038,0.000582325
433,Maekar I Targaryen,1,1,0,0,0.000222095
434,Mag Mar Tun Doh Weg,2,2,0.693147181,0,0.000295555
435,Maggy,2,2,0.693147181,0,0.000346189
436,Malaquo Maegyr,1,1,0,0,0.000660519
437,Malegorn,4,3,1.039720771,0.000350894,0.00054851
438,Mallador Locke,1,1,0,0,0.000258368
439,Mance Rayder,33,8,1.931601912,0.013605084,0.00514145
440,Mandon Moore,9,9,0.683738906,2.31E-05,0.000725772
441,Manfrey Martell,1,1,0,0,0.000521197
442,Margaery Tyrell,30,12,1.995750869,0.004545928,0.004678732
443,Marghaz zo Loraq,1,1,0,0,0.000251769
444,Marillion,9,8,1.427061043,8.37E-05,0.000853962
445,Mariya Darry,2,2,0.693147181,0,0.000305805
446,Mark Mullendore,1,1,0,0,0.000215389
447,Marlon Manderly,2,2,0.693147181,0,0.000291112
448,Maron Greyjoy,1,1,0,0,0.000217715
449,Marq Piper,8,7,1.073542846,0.000177945,0.000573616
450,Marselen,2,2,0.693147181,0,0.000408268
451,Martyn Lannister,2,2,0.693147181,3.11E-05,0.000350362
452,Martyn Rivers,1,1,0,0,0.000219491
453,Marwyn,3,3,0.636514168,0.000561925,0.00046376
454,Marya Seaworth,2,2,0.693147181,0,0.000383786
455,Masha Heddle,1,1,0,0,0.000240975
456,Mathis Rowan,8,6,1.494175138,0.002588277,0.00078388
457,Matthar,1,1,0,0,0.00022145
458,Matthos Seaworth,1,1,0,0,0.000229955
459,Mebble,1,1,0,0,0.000234778
460,Meera Reed,11,8,1.414279065,0.000301138,0.002933076
461,Megga Tyrell,4,4,1.039720771,0,0.000842091
462,Melara Hetherspoon,4,2,1.039720771,0.002586857,0.000663734
463,Meldred Merlyn,2,2,0,0,0.000445556
464,Melisandre,23,8,2.088091943,0.006490368,0.004323498
465,Mellei,2,2,0.693147181,0,0.000512378
466,Meralyn,1,1,0,0,0.000285541
467,Meribald,5,3,1.054920168,1.66E-05,0.00087892
468,Meris,6,4,1.242453325,0.003065646,0.001177615
469,Mero,4,3,1.386294361,0.002515723,0.000646844
470,Merrett Frey,2,2,0.693147181,8.77E-06,0.000262151
471,Merrit,1,1,0,0,0.000224475
472,Meryn Trant,21,12,1.153741943,0.00094058,0.002872904
473,Mezzara,2,2,0.693147181,0,0.000332411
474,Mikken,5,3,1.33217904,0.000236052,0.00058564
475,Miklaz,3,2,1.098612289,0.002515723,0.000655193
476,Mirri Maz Duur,6,5,1.011404265,9.63E-06,0.000987082
477,Missandei,9,8,1.002718265,9.63E-05,0.001586885
478,Moelle,3,3,0.636514168,0,0.00063156
479,Mollander,4,4,0,3.96E-06,0.000934248
480,Monford Velaryon,3,2,1.098612289,0.002515723,0.00063116
481,Moon Boy,4,4,1.386294361,9.30E-06,0.000526634
482,Moqorro,5,4,1.609437912,0.002409717,0.001073681
483,Mord,1,1,0,0,0.000382691
484,Mordane,11,10,1.033562054,0.000477052,0.001621421
485,Moreo Tumitis,1,1,0,0,0.000219962
486,Morgo,1,1,0,0,0.000227292
487,Morra,2,2,0.693147181,0,0.000512378
488,Morrec,2,2,0.693147181,0,0.000397546
489,Mors Umber,4,4,0.562335145,0.000238248,0.000518088
490,Mully,9,6,1.522955068,3.74E-05,0.00086889
491,Munda,1,1,0,0,0.000239738
492,Murch,1,1,0,0,0.000745047
493,Murenmure,2,2,0.693147181,0,0.000513042
494,Mya Stone,5,4,1.33217904,0.000108766,0.000739087
495,Mycah,5,5,0,0,0.000805042
496,Mychel Redfort,1,1,0,0,0.000219962
497,Myles Toyne,2,2,0.693147181,0,0.000376496
498,Myranda Royce,3,3,1.098612289,2.21E-05,0.000383831
499,Myrcella Baratheon,22,11,1.790313567,0.020192887,0.003252601
500,Nage,1,1,0,0,0.000243613
501,Nan,8,6,1.732867951,0.000714461,0.001172386
502,Narbert,3,3,0.636514168,0,0.000445231
503,Narbert Grandison,6,3,1.242453325,0.000812272,0.00068425
504,Nestor Royce,7,6,1.475076311,7.73E-05,0.000805248
505,Nurse,4,3,1.386294361,1.29E-05,0.000536213
506,Nute,4,3,1.039720771,8.98E-06,0.000926631
507,Nyessos Vhassar,2,1,0.693147181,0.002515723,0.000789027
508,Nymeria Sand,4,4,1.039720771,1.81E-05,0.000856141
509,Obara Sand,6,4,1.329661349,2.49E-05,0.001299752
510,Oberyn Martell,20,10,1.941927724,0.009803338,0.002351696
511,Ogo,3,2,1.098612289,0.002515723,0.00074093
512,Old Bill Bone,1,1,0,0,0.000233822
513,Olenna Redwyne,9,8,0.848685558,0.000292522,0.000756117
514,Olyvar Frey,2,2,0.693147181,0,0.000372516
515,Orell,2,2,0.693147181,0,0.00029155
516,Orton Merryweather,10,8,1.279854226,8.14E-05,0.000620349
517,Osfryd Kettleblack,3,3,1.098612289,0,0.000420289
518,Osha,9,8,1.522955068,0.0002196,0.001322379
519,Osmund Kettleblack,18,11,1.873510521,0.000670672,0.002282676
520,Osney Kettleblack,11,7,2.019814992,0.000488439,0.001026739
521,Oswell Kettleblack,2,2,0,0,0.000272067
522,Oswell Whent,3,2,0.636514168,0.001200188,0.000680536
523,Othell Yarwyck,11,8,1.159588814,7.31E-05,0.001165994
524,Othor,1,1,0,0,0.000243455
525,Ottyn Wythers,4,4,1.039720771,1.79E-05,0.000391081
526,Owen,10,6,1.470808476,0.000804616,0.000895542
527,Owen Merryweather,1,1,0,0,0.000228186
528,Oznak zo Pahl,2,2,0.693147181,0,0.000327679
529,Palla,2,2,0.693147181,0,0.0002796
530,Patchface,4,4,0.562335145,0,0.000489713
531,Pate (novice),7,4,0.682908105,0.010041506,0.002498661
532,Pate (Old),1,1,0,0,0.000231597
533,Pate (whipping boy),1,1,0,0,0.000223331
534,Patrek of Kings Mountain,4,3,1.039720771,1.06E-06,0.000480282
535,Paxter Redwyne,6,6,1.329661349,0.000772814,0.000604391
536,Penny,7,4,1.475076311,0.000279064,0.001225714
537,Perwyn Frey,2,2,0.693147181,0,0.000324745
538,Petyr Baelish,47,13,1.984776869,0.025898583,0.008391054
539,Petyr Frey,2,2,0.693147181,1.06E-06,0.000294765
540,Pia,4,3,1.039720771,0.000130851,0.000463067
541,Podrick Payne,11,6,1.666332585,0.003390512,0.002239123
542,Polliver,14,12,0.89820534,8.96E-05,0.001543562
543,Pono,4,4,1.039720771,4.84E-05,0.000349678
544,Porridge,3,3,1.098612289,0,0.000402686
545,Porther,1,1,0,0,0.000227473
546,Poxy Tym,1,1,0,0,0.000216665
547,Praed,1,1,0,0,0.000220809
548,Prendahl na Ghezn,2,2,0.693147181,0,0.000518784
549,Preston Greenfield,2,2,0,0,0.000244527
550,Puckens,2,1,0.693147181,0.002515723,0.000590127
551,Pyat Pree,2,2,0.693147181,0,0.000503741
552,Pycelle,27,13,1.591968682,0.007406401,0.003931511
553,Pyg,4,4,1.039720771,2.85E-06,0.000579416
554,Pylos,6,5,1.011404265,3.91E-06,0.001241409
555,Pypar,16,8,1.244016696,0.000234447,0.002813027
556,Qarl the Maid,3,3,0.636514168,0,0.000617043
557,Qavo Nogarys,3,3,1.098612289,2.88E-05,0.000362687
558,Qezza,5,3,1.33217904,0.000106433,0.000796912
559,Qhorin Halfhand,14,6,1.673118363,0.002814466,0.00237447
560,Qotho,7,5,1.277034259,2.97E-05,0.001078742
561,Quaithe,1,1,0,0,0.000318185
562,Quaro,5,5,0.950270539,1.43E-06,0.000445212
563,Quellon Greyjoy,2,2,0,0,0.000366511
564,Quentyn Martell,19,7,1.721954449,0.011349668,0.00437337
565,Quhuru Mo,2,2,0.693147181,0,0.000311279
566,Quill,1,1,0,0,0.000370303
567,Qyburn,18,10,1.719477814,0.001700923,0.001629493
568,Rafford,13,12,0.690185676,4.65E-05,0.00171038
569,Ragwyle,1,1,0,0,0.000224916
570,Rakharo,10,8,0.801818553,3.22E-05,0.001214878
571,Ralf (Limper),1,1,0,0,0.000373649
572,Ralf Stonehouse,2,2,0.693147181,0,0.00036651
573,Ramsay Snow,23,9,2.002058727,0.016712732,0.004330747
574,Randyll Tarly,13,7,2.031759219,0.004472798,0.001229287
575,Rast,6,5,1.242453325,2.33E-05,0.000516994
576,Rattleshirt,11,6,1.294545166,8.27E-05,0.001746136
577,Ravella Swann,1,1,0,0,0.000263964
578,Raymun Darry,2,2,0,0,0.000299085
579,Raymun Redbeard,1,1,0,0,0.000364995
580,Raynald Westerling,3,2,0.636514168,3.21E-05,0.000432595
581,Raynard,2,1,0.693147181,0.002515723,0.000640699
582,Red Oarsman,3,2,0.636514168,0.00502511,0.000733144
583,Reek,2,2,0.693147181,0,0.000277816
584,Renly Baratheon,38,13,1.877240061,0.018923484,0.007433869
585,Rennifer Longwaters,2,1,0.693147181,0.002515723,0.000596489
586,Reznak mo Reznak,5,5,1.33217904,0,0.000782543
587,Rhaegar Frey,2,2,0.693147181,0.000632098,0.000413198
588,Rhaegar Targaryen,18,9,2.0330002,0.007841725,0.002563142
589,Rhaegel Targaryen,1,1,0,0,0.000247416
590,Rhaego,1,1,0,0,0.00024899
591,Rhaella Targaryen,2,2,0.693147181,0,0.00025335
592,Rhaenys Targaryen,2,2,0.693147181,0,0.000460117
593,Rhaenys Targaryen (daughter of Rhaegar),1,1,0,0,0.000240767
594,Ricasso,2,1,0.693147181,0.002515723,0.000683305
595,Richard Horpe,2,2,0.693147181,0,0.00037009
596,Rickard Karstark,12,8,1.676234939,0.000916443,0.001254606
597,Rickard Stark,2,2,0.693147181,6.48E-06,0.000263685
598,Rickon Stark,17,10,1.466907105,0.001981032,0.003680916
599,Robar Royce,3,3,0.636514168,5.02E-05,0.000368354
600,Robb Stark,74,13,2.380112478,0.066468427,0.017344651
601,Robert Arryn,20,8,1.877524281,0.011219033,0.002562505
602,Robert Baratheon,65,13,2.104875124,0.078227691,0.015677734
603,Robert Strong,4,4,1.386294361,3.06E-05,0.000344689
604,Robett Glover,7,5,1.549826046,0.000500339,0.000580181
605,Robin Flint,3,3,1.098612289,0,0.000333527
606,Robin Ryger,2,2,0,0,0.000316213
607,Rodrik Cassel,30,12,2.051787046,0.011062043,0.00339896
608,Rodrik Harlaw,7,3,1.004242473,0.002132001,0.001142976
609,Rodrik Sparr,2,2,0.693147181,0,0.000467438
610,Roger Ryswell,2,2,0.693147181,0,0.000321248
611,Rolfe the Dwarf,1,1,0,0,0.000250159
612,Rollam Westerling,2,2,0.693147181,0,0.000298771
613,Rolly Duckfield,8,6,1.213007566,1.35E-05,0.001381021
614,Rolph Spicer,1,1,0,0,0.00024019
615,Ronnet Connington,2,2,0.693147181,0,0.000260535
616,Roone,4,4,0,7.92E-07,0.000920016
617,Roose Bolton,28,12,1.98950834,0.005556184,0.003105126
618,Roose Ryswell,1,1,0,0,0.000221924
619,Rorge,9,5,1.522955068,0.000417866,0.001253026
620,Rory,2,2,0.693147181,0,0.000326228
621,Rosey,1,1,0,0,0.00059763
622,Roslin Frey,5,5,1.054920168,0,0.000672614
623,Rossart,1,1,0,0,0.000241434
624,Rowan,5,4,1.609437912,5.76E-05,0.000628659
625,Rugen,1,1,0,0,0.000442313
626,Rus,1,1,0,0,0.000315399
627,Ryk,4,4,0.562335145,0,0.000531352
628,Ryman Frey,12,6,1.704551445,0.001020753,0.001127589
629,Salladhor Saan,5,4,1.609437912,9.54E-06,0.001188731
630,Sallor,2,2,0.693147181,0,0.000518784
631,Samwell Tarly,44,8,1.958122578,0.041466204,0.011871965
632,Sandor Clegane,36,13,1.849112878,0.008828141,0.005438164
633,Sansa Stark,75,13,2.323459966,0.048690982,0.016291184
634,Sarella Sand,1,1,0,0,0.000246374
635,Satin,13,6,1.844621476,0.00294103,0.001724603
636,Sawane Botley,1,1,0,0,0.000260678
637,Scar,2,2,0.693147181,0,0.00032711
638,Scolera,3,3,0.636514168,0,0.000644208
639,Selwyn Tarth,1,1,0,0,0.000236456
640,Selyse Florent,19,7,1.909660422,0.005670667,0.003097164
641,Senelle,2,2,0.693147181,0,0.00029625
642,Shadd,1,1,0,0,0.000262648
643,Shadrich,2,2,0.693147181,0.000132657,0.000322764
644,Shae,13,7,1.524707393,0.000826092,0.001752541
645,Shagga,7,4,1.549826046,0.005057665,0.001493422
646,Shagwell,6,4,1.011404265,0.000199782,0.000772709
647,Sharna,4,4,0.562335145,1.58E-06,0.000380371
648,Shireen Baratheon,13,7,1.884871334,0.003259286,0.001234029
649,Shitmouth,1,1,0,0,0.000220526
650,Shortear,1,1,0,0,0.00043965
651,Shrouded Lord,1,1,0,0,0.000227292
652,Sigfryd Harlaw,2,2,0,0,0.000442543
653,Sigorn,4,3,1.386294361,5.42E-05,0.000410478
654,Simon Toyne,1,1,0,0,0.000453171
655,Skahaz mo Kandaq,12,8,1.075139324,5.94E-05,0.001829313
656,Skinner,5,4,1.33217904,0.002515723,0.000887165
657,Small Paul,6,5,0.636514168,1.19E-05,0.000776101
658,Smiling Knight,2,1,0.693147181,0.002515723,0.000724057
659,Softfoot,1,1,0,0,0.00025316
660,Soren Shieldbreaker,1,1,0,0,0.00022145
661,Sour Alyn,6,4,1.329661349,1.41E-05,0.000979725
662,Spare Boot,6,5,1.011404265,1.27E-06,0.000527414
663,Spotted Cat,6,4,1.242453325,0.003356216,0.000919978
664,Squint,3,2,1.098612289,7.39E-06,0.000515248
665,Squirrel,4,4,1.386294361,9.19E-06,0.000486326
666,Stafford Lannister,4,4,0.562335145,4.89E-05,0.000332016
667,Stannis Baratheon,89,13,2.399455178,0.110139553,0.018051671
668,Steelskin,3,3,1.098612289,0,0.000324408
669,Steffon Baratheon,2,2,0,0,0.00025158
670,Steffon Varner,1,1,0,0,0.000484995
671,Stevron Frey,5,4,1.33217904,2.64E-06,0.000435193
672,Stiv,2,2,0.693147181,0,0.000257121
673,Stonesnake,4,3,1.039720771,2.11E-06,0.000514585
674,Stygg,3,2,1.098612289,4.22E-06,0.000497838
675,Styr,8,6,1.073542846,2.12E-05,0.001405197
676,Sweets,3,3,1.098612289,0,0.000393154
677,Sybell Spicer,6,4,1.329661349,0.002361903,0.000603267
678,Sybelle Glover,2,2,0.693147181,1.81E-05,0.00037011
679,Sylva Santagar,5,5,0.950270539,4.10E-05,0.000756735
680,Symon Silver Tongue,3,3,1.098612289,0,0.000325363
681,Symon Stripeback,2,2,0.693147181,0,0.00043394
682,Symond Templeton,5,4,0.500402424,3.78E-05,0.000651893
683,Syrio Forel,4,4,1.039720771,9.94E-06,0.00063575
684,Taena of Myr,12,8,1.676234939,0.000492062,0.001215846
685,Talbert Serry,1,1,0,0,0.000453024
686,Talea,2,2,0.693147181,0,0.000355607
687,Tallad,6,4,1.242453325,0.000844655,0.000546731
688,Tanda Stokeworth,7,6,1.475076311,2.31E-05,0.000707311
689,Tansy,6,6,1.560710409,0.000190475,0.000467736
690,Tarber,1,1,0,0,0.000474981
691,Tattered Prince,8,4,1.073542846,0.005877204,0.001280541
692,Ternesio Terys,2,2,0.693147181,0,0.000330469
693,Terrance Lynderly,3,2,1.098612289,0.002515723,0.0008394
694,Theobald,1,1,0,0,0.000264075
695,Theomore,2,2,0.693147181,0,0.000270385
696,Theon Greyjoy,66,12,2.307204332,0.111283318,0.013877295
697,Thistle,1,1,0,0,0.000406055
698,Thoren Smallwood,9,5,1.676987774,0.002560759,0.001151752
699,Thoros of Myr,9,7,1.58109375,0.000502707,0.001517948
700,Tickler,12,12,0.679193266,0,0.001448483
701,Timeon,4,4,0.693147181,2.86E-05,0.000555996
702,Timett,4,4,1.039720771,4.10E-06,0.000534884
703,Timoth,1,1,0,0,0.00023997
704,Tion Frey,1,1,0,0,0.00045581
705,Tobho Mott,1,1,0,0,0.000256745
706,Todder,4,4,1.039720771,0,0.000634487
707,Tom Barleycorn,1,1,0,0,0.000232452
708,Tom of Sevenstreams,9,6,1.58109375,0.000428688,0.001254658
709,Tomard,7,5,1.153741943,0.000146291,0.000682677
710,Tommen Baratheon,33,12,1.946915338,0.006251297,0.005535565
711,Torbert,1,1,0,0,0.000500465
712,Toregg,3,3,1.098612289,0,0.000423017
713,Torghen Flint,1,1,0,0,0.000442975
714,Torgon Greyiron,1,1,0,0,0.000250159
715,Tormund,15,6,1.767009191,0.005149821,0.00271543
716,Torrhen Karstark,3,2,0.636514168,5.23E-05,0.000400213
717,Torrhen Stark,2,2,0.693147181,0,0.000286139
718,Torwold Browntooth,1,1,0,0,0.000526955
719,Tregar,1,1,0,0,0.000227473
720,Tristifer Botley,3,3,0.636514168,0,0.000803304
721,Tristifer IV Mudd,1,1,0,0,0.000219491
722,Trystane Martell,2,2,0.693147181,6.41E-05,0.000380437
723,Tybero Istarion,3,3,1.098612289,0,0.000428926
724,Tycho Nestoris,3,3,1.098612289,0.000534001,0.000460313
725,Tyene Sand,9,5,1.676987774,0.00267653,0.001293676
726,Tyrion Lannister,122,13,2.466368473,0.162191096,0.03284906
727,Tysha,4,4,0.562335145,1.50E-05,0.000425077
728,Tytos Blackwood,5,3,1.33217904,0.000104712,0.000478893
729,Tywin Lannister,48,13,2.026165337,0.020669858,0.007644692
730,Ulf son of Umar,1,1,0,0,0.000260961
731,Ulmer,1,1,0,0,0.00022145
732,Umma,1,1,0,0,0.000253175
733,Unella,4,3,1.039720771,3.17E-06,0.000862194
734,Urswyck,1,1,0,0,0.000306083
735,Urzen,2,2,0.693147181,0,0.000353687
736,Utherydes Wayn,3,3,0.636514168,0,0.000408889
737,Val,9,6,1.522955068,0.000812097,0.001651056
738,Varamyr,6,3,1.242453325,0.007537665,0.001419966
739,Vardis Egen,6,4,1.560710409,0.000178986,0.000642911
740,Vargo Hoat,10,6,1.33217904,0.000684034,0.001091866
741,Varly,1,1,0,0,0.000227473
742,Varys,34,13,1.876820905,0.009201379,0.006229212
743,Vayon Poole,5,5,0.500402424,0,0.000468302
744,Victarion Greyjoy,24,5,1.856036234,0.036450737,0.006672877
745,Visenya Targaryen,2,2,0.693147181,0,0.000424507
746,Viserys Targaryen,14,8,1.809514256,0.002457249,0.002157296
747,Vylarr,2,2,0,0,0.000273664
748,Vyman,3,3,0.636514168,5.80E-06,0.000441609
749,Waif,2,2,0.693147181,0,0.000617169
750,Walda Frey (daughter of Merrett),2,2,0,0,0.000279242
751,Walder Frey,19,10,1.986266518,0.006634157,0.002404955
752,Walder Frey (son of Jammos),3,3,0.636514168,0,0.000554463
753,Walder Frey (son of Merrett),8,6,1.320888343,0.000137213,0.00093115
754,Walder Rivers,5,4,1.33217904,6.15E-05,0.000539948
755,Walgrave,2,1,0.693147181,0.002515723,0.000965371
756,Walton,5,4,1.33217904,0.002515723,0.000735855
757,Watt,1,1,0,0,0.000224086
758,Waymar Royce,3,2,0.636514168,0.001593511,0.001092001
759,Weasel,4,4,1.039720771,5.39E-06,0.000500168
760,Weeper,5,5,0.950270539,6.34E-06,0.000490304
761,Weese,8,6,1.255482325,0.000107469,0.000723267
762,Wendel Manderly,7,4,1.747868097,0.002579961,0.000814957
763,Werlag,2,2,0.693147181,0,0.000360739
764,Wex Pyke,5,3,1.609437912,0.002152951,0.00097706
765,Wick Whittlestick,2,2,0.693147181,0,0.000298864
766,Widower,1,1,0,0,0.00022139
767,Will (prologue),2,2,0,0,0.001008893
768,Willam Dustin,2,2,0,0,0.000254327
769,Willas Tyrell,8,7,1.213007566,1.65E-05,0.000547806
770,Willem Lannister,4,2,1.386294361,0.002623001,0.000784547
771,William Foxglove,1,1,0,0,0.000221924
772,Willis Wode,6,5,1.560710409,4.27E-05,0.000511857
773,Willow Heddle,2,2,0.693147181,0,0.000284493
774,Willow Witch eye,1,1,0,0,0.000248835
775,Woth,5,5,1.33217904,0,0.000396638
776,Wulfe,1,1,0,0,0.000267817
777,Wun Weg Wun Dar Wun,4,3,1.039720771,9.66E-06,0.000582738
778,Wyl (guard),4,3,1.039720771,0.000269369,0.000418843
779,Wylis Manderly,2,2,0,0,0.000248762
780,Wylla,1,1,0,0,0.000217715
781,Wyman Manderly,17,8,1.905420043,0.009242797,0.002203488
782,Wynton Stout,1,1,0,0,0.000222095
783,Xaro Xhoan Daxos,3,2,1.098612289,4.48E-05,0.000741878
784,Xhondo,2,2,0.693147181,0,0.000515215
785,Yandry,7,6,0.955699891,2.04E-06,0.000967965
786,Yellow Dick,3,3,1.098612289,0,0.000444504
787,Yezzan zo Qaggaz,5,3,1.33217904,5.81E-06,0.000861203
788,Ygritte,13,6,1.73265872,0.002655179,0.002400135
789,Yohn Royce,8,4,1.494175138,0.001976174,0.000829984
790,Yoren,18,8,1.875121856,0.00484853,0.001645924
791,Yorko Terys,1,1,0,0,0.000253175
792,Ysilla,6,6,0.867563228,0,0.000725298
793,Yurkhaz zo Yunzak,1,1,0,0,0.000235622
794,Zei,1,1,0,0,0.00022145
795,Zollo,4,4,1.386294361,6.34E-07,0.000385717
